{
  "predictions": [
    1,
    1,
    0,
    0,
    0,
    0,
    0,
    0,
    1,
    1
  ],
  "confidence_scores": [
    0.9139443767023554,
    0.5864326783031599,
    0.9871571722958724,
    0.9831224522670166,
    0.9071867959824126,
    0.8919736142359398,
    0.8675444836744485,
    0.9076603079266157,
    0.7454683230773747,
    0.986042573783887
  ]
}