{
  "predictions": [
    1,
    1,
    0,
    0,
    0,
    0,
    0,
    0,
    1,
    1
  ],
  "confidence_scores": [
    0.9645182116368589,
    0.582214824582615,
    0.9593983920978415,
    0.9860823549531532,
    0.9129086330692233,
    0.7483641632951648,
    0.8915397468824379,
    0.8183007207256565,
    0.8798749879877612,
    0.9854411545030257
  ]
}