{
  "predictions": [
    1,
    1,
    0,
    0,
    0,
    0,
    0,
    0,
    1,
    1
  ],
  "confidence_scores": [
    0.969267372159357,
    0.5603872256633861,
    0.9414142777240941,
    0.9809039495793287,
    0.9182460410341917,
    0.9086979719974135,
    0.94153145515238,
    0.6789489698446326,
    0.9209812006351902,
    0.9339794850309986
  ]
}