,precision,recall,f1-score,support
False,0.875,0.875,0.875,8.0
True,0.9166666666666666,0.9166666666666666,0.9166666666666666,12.0
accuracy,0.9,0.9,0.9,0.9
macro avg,0.8958333333333333,0.8958333333333333,0.8958333333333333,20.0
weighted avg,0.9,0.9,0.9,20.0
