,precision,recall,f1-score,support
False,0.8888888888888888,0.8,0.8421052631578947,10.0
True,0.8181818181818182,0.9,0.8571428571428571,10.0
accuracy,0.85,0.85,0.85,0.85
macro avg,0.8535353535353536,0.8500000000000001,0.849624060150376,20.0
weighted avg,0.8535353535353536,0.85,0.849624060150376,20.0
