,precision,recall,f1-score,support
False,1.0,0.8461538461538461,0.9166666666666666,13.0
True,0.7777777777777778,1.0,0.875,7.0
accuracy,0.9,0.9,0.9,0.9
macro avg,0.8888888888888888,0.9230769230769231,0.8958333333333333,20.0
weighted avg,0.9222222222222222,0.9,0.9020833333333332,20.0
