{
  "predictions": [
    1,
    1,
    0,
    0,
    1,
    0,
    0,
    0,
    1,
    1
  ],
  "confidence_scores": [
    0.8193183283361393,
    0.654439988314883,
    0.9946317092296152,
    0.9880122335985196,
    0.6112751421300379,
    0.8995460050839031,
    0.8960099541417696,
    0.9815303071405435,
    0.7490879306156484,
    0.9605181004353014
  ]
}