{
  "predictions": [
    1,
    0,
    0,
    0,
    0,
    0,
    0,
    0,
    1,
    1
  ],
  "confidence_scores": [
    0.9778191797101282,
    0.8942911915199278,
    0.9750831159269973,
    0.9913909592474157,
    0.8466812471833816,
    0.9112549960910996,
    0.9427345960339442,
    0.9357838767884911,
    0.9221151189313181,
    0.9817266924603366
  ]
}