{
  "predictions": [
    1,
    1,
    0,
    0,
    0,
    0,
    0,
    0,
    1,
    1
  ],
  "confidence_scores": [
    0.9390701266451282,
    0.5320076073816352,
    0.9894598651388533,
    0.988601137266014,
    0.9501361071820656,
    0.7506861915502109,
    0.8545903508697421,
    0.9057699077046093,
    0.854005060998659,
    0.9663095351813032
  ]
}