{
  "predictions": [
    1,
    1,
    0,
    0,
    0,
    0,
    0,
    0,
    1,
    1
  ],
  "confidence_scores": [
    0.9257741140524514,
    0.6257348396902406,
    0.9888092690030739,
    0.9852743946313771,
    0.8850142734645604,
    0.503703893031864,
    0.9086722200304485,
    0.9272910998400391,
    0.8480515783187282,
    0.9763605829577967
  ]
}