,precision,recall,f1-score,support
0,0.8,0.8571428571428571,0.8275862068965517,14.0
1,0.6,0.5,0.5454545454545454,6.0
accuracy,0.75,0.75,0.75,0.75
macro avg,0.7,0.6785714285714286,0.6865203761755485,20.0
weighted avg,0.74,0.75,0.7429467084639498,20.0
