,precision,recall,f1-score,support
False,0.8181818181818182,0.8181818181818182,0.8181818181818182,11.0
True,0.7777777777777778,0.7777777777777778,0.7777777777777778,9.0
accuracy,0.8,0.8,0.8,0.8
macro avg,0.797979797979798,0.797979797979798,0.797979797979798,20.0
weighted avg,0.8,0.8,0.8,20.0
