{
  "predictions": [
    1,
    0,
    0,
    0,
    0,
    0,
    0,
    0,
    1,
    1
  ],
  "confidence_scores": [
    0.9863520432941534,
    0.7389232504293026,
    0.979508749362409,
    0.9970027523280974,
    0.8763317118835793,
    0.9455801787731992,
    0.9470862821645193,
    0.9306680529293245,
    0.8739483341481998,
    0.9893965611733377
  ]
}