{
  "predictions": [
    1,
    0,
    0,
    0,
    0,
    0,
    0,
    0,
    1,
    1
  ],
  "confidence_scores": [
    0.9375707479622405,
    0.521910298324561,
    0.9880941780172036,
    0.9879069161723601,
    0.938324004332716,
    0.6493029783377318,
    0.9224845334894035,
    0.9244745584432755,
    0.8395761221787801,
    0.9551478717928231
  ]
}