{
  "predictions": [
    1,
    1,
    0,
    0,
    0,
    0,
    0,
    0,
    1,
    1
  ],
  "confidence_scores": [
    0.9508288001571878,
    0.6176519759713099,
    0.9959722623373349,
    0.9849027413251403,
    0.8312654940146236,
    0.9048685102239884,
    0.8946286214725075,
    0.838024237783324,
    0.9338322824469785,
    0.9823754238272139
  ]
}