{
  "predictions": [
    1,
    1,
    0,
    0,
    0,
    0,
    0,
    0,
    1,
    1
  ],
  "confidence_scores": [
    0.9630640502010485,
    0.5894714482885487,
    0.9622798399157134,
    0.9825820024967566,
    0.9143221128993391,
    0.8917244424086596,
    0.8527111767346329,
    0.9532317401310411,
    0.8765314444623394,
    0.9884310225909909
  ]
}