{
  "predictions": [
    1,
    1,
    0,
    0,
    0,
    0,
    0,
    0,
    1,
    1
  ],
  "confidence_scores": [
    0.9776292622626821,
    0.5076902167796485,
    0.9646015224827662,
    0.9948895448066369,
    0.9355941699728388,
    0.8809459699046878,
    0.9748352478811496,
    0.8495440997429001,
    0.878408279653274,
    0.9483087336574686
  ]
}